Document,Document Type
The assignor and the companies have decided to make certain representations,Assumption Agreement
Participant desires to participate in the program,Participation Agreement
Assignor Assumption agreement,Assumption Agreement
Participant desires to participate in the program,Participation Agreement
This document is a Credit Agreement between Bank D and Bank 3,Credit Agreement
This Participation agreement is made and entered as ...,Participation Agreement
This Participation agreement is made and entered as ...,Participation Agreement
This document is a Credit Agreement between Bank C and Bank 4,Credit Agreement
Promissory Note,Promissory Note
UCC Filling,UCC Filling
Hereby Promises to pay Company C,Promissory Note
Credit agreement between Bank C and Bank 3,Credit Agreement
The assignor and the companies have decided to make certain representations,Assumption Agreement
Hereby Promises to pay Company C,Promissory Note
This document is a Credit Agreement between Bank B and Bank 2,Credit Agreement
Promissory Note,Promissory Note
No specific type for this document,
UCC Filling,UCC Filling
The assignor and the companies have decided to make certain representations,Assumption Agreement
Credit agreement between Bank X and Bank Theta,Credit Agreement
Promissory Note,Promissory Note
Credit agreement between Bank D and Bank Delta,Credit Agreement
This Participation agreement is made and entered as ...,Participation Agreement
Just some random text,
Document without a label,
UCC Filling,UCC Filling
This Participation agreement is made and entered as ...,Participation Agreement
UCC Filling,UCC Filling
UCC Filling,UCC Filling
This is an unlabeled document example,
This Participation agreement is made and entered as ...,Participation Agreement
Hereby Promises to pay Company A,Promissory Note
Another example of an unlabeled document,
Document without a label,
This document is a Credit Agreement between Bank Alpha and Bank 2,Credit Agreement
Credit agreement between Bank Y and Bank 1,Credit Agreement
This Assignment and Assumption Agreement,Assumption Agreement
UCC Filling,UCC Filling
Credit agreement between Bank X and Bank 1,Credit Agreement
Promissory Note,Promissory Note
Hereby Promises to pay Company A,Promissory Note
This Assignment and Assumption Agreement,Assumption Agreement
Another example of an unlabeled document,
This is an unlabeled document example,
Another example of an unlabeled document,
Hereby Promises to pay Company D,Promissory Note
Participant desires to participate in the program,Participation Agreement
Participant desires to participate in the program,Participation Agreement
The assignor and the companies have decided to make certain representations,Assumption Agreement
This Participation agreement is made and entered as ...,Participation Agreement
Assumption Agreement,Assumption Agreement
Participant desires to participate in the program,Participation Agreement
Credit agreement between Bank Alpha and Bank Delta,Credit Agreement
No specific type for this document,
This Assignment and Assumption Agreement,Assumption Agreement
This Participation agreement is made and entered as ...,Participation Agreement
Assumption Agreement,Assumption Agreement
Credit agreement between Bank Alpha and Bank Delta,Credit Agreement
This Participation agreement is made and entered as ...,Participation Agreement
This Participation agreement is made and entered as ...,Participation Agreement
Credit agreement between Bank C and Bank 3,Credit Agreement
This Participation agreement is made and entered as ...,Participation Agreement
The assignor and the companies have decided to make certain representations,Assumption Agreement
Hereby Promises to pay Company B,Promissory Note
This Participation agreement is made and entered as ...,Participation Agreement
This is an unlabeled document example,
UCC Filling,UCC Filling
No specific type for this document,
Promissory Note,Promissory Note
Promissory Note,Promissory Note
This document is a Credit Agreement between Bank Y and Bank Delta,Credit Agreement
Hereby Promises to pay Company B,Promissory Note
Promissory Note,Promissory Note
This document is a Credit Agreement between Bank Alpha and Bank Theta,Credit Agreement
Hereby Promises to pay Company C,Promissory Note
Promissory Note,Promissory Note
Document without a label,
Promissory Note,Promissory Note
This Assignment and Assumption Agreement,Assumption Agreement
Assignee Assumption agreement,Assumption Agreement
This document is a Credit Agreement between Bank A and Bank Theta,Credit Agreement
This Participation agreement is made and entered as ...,Participation Agreement
The assignor and the companies have decided to make certain representations,Assumption Agreement
UCC Filling,UCC Filling
Promissory Note,Promissory Note
Promissory Note,Promissory Note
This document is a Credit Agreement between Bank B and Bank 3,Credit Agreement
Assignor Assumption agreement,Assumption Agreement
This Participation agreement is made and entered as ...,Participation Agreement
Assignor Assumption agreement,Assumption Agreement
No specific type for this document,
This Assignment and Assumption Agreement,Assumption Agreement
Assignee Assumption agreement,Assumption Agreement
No specific type for this document,
This document is a Credit Agreement between Bank B and Bank 2,Credit Agreement
This document is a Credit Agreement between Bank C and Bank 4,Credit Agreement
This document is a Credit Agreement between Bank D and Bank 2,Credit Agreement
UCC Filling,UCC Filling
Promissory Note,Promissory Note
Credit agreement between Bank C and Bank Gamma,Credit Agreement
Promissory Note,Promissory Note
Participant desires to participate in the program,Participation Agreement
Just some random text,
Credit agreement between Bank Alpha and Bank Gamma,Credit Agreement
This document is a Credit Agreement between Bank D and Bank Delta,Credit Agreement
Participant desires to participate in the program,Participation Agreement
Participant desires to participate in the program,Participation Agreement
Just some random text,
Assignor Assumption agreement,Assumption Agreement
Promissory Note,Promissory Note
Participant desires to participate in the program,Participation Agreement
Hereby Promises to pay Company A,Promissory Note
Hereby Promises to pay Company B,Promissory Note
This document is a Credit Agreement between Bank X and Bank Delta,Credit Agreement
Participant desires to participate in the program,Participation Agreement
This document is a Credit Agreement between Bank A and Bank 3,Credit Agreement
Another example of an unlabeled document,
This Assignment and Assumption Agreement,Assumption Agreement
UCC Filling,UCC Filling
This Assignment and Assumption Agreement,Assumption Agreement
Assignee Assumption agreement,Assumption Agreement
Assumption Agreement,Assumption Agreement
Just some random text,
Credit agreement between Bank D and Bank Theta,Credit Agreement
Promissory Note,Promissory Note
Credit agreement between Bank A and Bank 3,Credit Agreement
This is an unlabeled document example,
UCC Filling,UCC Filling
UCC Filling,UCC Filling
Hereby Promises to pay Company C,Promissory Note
Document without a label,
Participant desires to participate in the program,Participation Agreement
This Assignment and Assumption Agreement,Assumption Agreement
UCC Filling,UCC Filling
This Participation agreement is made and entered as ...,Participation Agreement
Hereby Promises to pay Company A,Promissory Note
Assignee Assumption agreement,Assumption Agreement
This document is a Credit Agreement between Bank Alpha and Bank Gamma,Credit Agreement
Participant desires to participate in the program,Participation Agreement
Participant desires to participate in the program,Participation Agreement
Assignor Assumption agreement,Assumption Agreement
This Assignment and Assumption Agreement,Assumption Agreement
Hereby Promises to pay Company C,Promissory Note
Another example of an unlabeled document,
This document is a Credit Agreement between Bank Y and Bank 4,Credit Agreement
Participant desires to participate in the program,Participation Agreement
This document is a Credit Agreement between Bank C and Bank Gamma,Credit Agreement
UCC Filling,UCC Filling
Promissory Note,Promissory Note
Promissory Note,Promissory Note
Participant desires to participate in the program,Participation Agreement
This Participation agreement is made and entered as ...,Participation Agreement
This Participation agreement is made and entered as ...,Participation Agreement
Hereby Promises to pay Company A,Promissory Note
This Assignment and Assumption Agreement,Assumption Agreement
Hereby Promises to pay Company C,Promissory Note
The assignor and the companies have decided to make certain representations,Assumption Agreement
Credit agreement between Bank C and Bank 4,Credit Agreement
This document is a Credit Agreement between Bank D and Bank 3,Credit Agreement
This Participation agreement is made and entered as ...,Participation Agreement
Just some random text,
Participant desires to participate in the program,Participation Agreement
Hereby Promises to pay Company B,Promissory Note
This is an unlabeled document example,
Promissory Note,Promissory Note
This document is a Credit Agreement between Bank A and Bank Gamma,Credit Agreement
Promissory Note,Promissory Note
Promissory Note,Promissory Note
Credit agreement between Bank X and Bank 1,Credit Agreement
Credit agreement between Bank Y and Bank Delta,Credit Agreement
This is an unlabeled document example,
This document is a Credit Agreement between Bank B and Bank Gamma,Credit Agreement
This is an unlabeled document example,
UCC Filling,UCC Filling
Assignor Assumption agreement,Assumption Agreement
Credit agreement between Bank Y and Bank 4,Credit Agreement
UCC Filling,UCC Filling
This document is a Credit Agreement between Bank Beta and Bank Delta,Credit Agreement
No specific type for this document,
Participant desires to participate in the program,Participation Agreement
Participant desires to participate in the program,Participation Agreement
No specific type for this document,
Assignor Assumption agreement,Assumption Agreement
UCC Filling,UCC Filling
Another example of an unlabeled document,
No specific type for this document,
This document is a Credit Agreement between Bank C and Bank Delta,Credit Agreement
Hereby Promises to pay Company A,Promissory Note
No specific type for this document,
The assignor and the companies have decided to make certain representations,Assumption Agreement
This Assignment and Assumption Agreement,Assumption Agreement
Promissory Note,Promissory Note
Assignor Assumption agreement,Assumption Agreement
Promissory Note,Promissory Note
Participant desires to participate in the program,Participation Agreement
This Assignment and Assumption Agreement,Assumption Agreement
Credit agreement between Bank C and Bank 3,Credit Agreement
Participant desires to participate in the program,Participation Agreement
This Participation agreement is made and entered as ...,Participation Agreement
Assignor Assumption agreement,Assumption Agreement
Just some random text,
UCC Filling,UCC Filling
Document without a label,
Credit agreement between Bank A and Bank 4,Credit Agreement
Another example of an unlabeled document,
Assignor Assumption agreement,Assumption Agreement
Another example of an unlabeled document,
This is an unlabeled document example,
This document is a Credit Agreement between Bank A and Bank 1,Credit Agreement
Assumption Agreement,Assumption Agreement
Credit agreement between Bank D and Bank 4,Credit Agreement
This document is a Credit Agreement between Bank Y and Bank Gamma,Credit Agreement
The assignor and the companies have decided to make certain representations,Assumption Agreement
Assignor Assumption agreement,Assumption Agreement
UCC Filling,UCC Filling
Promissory Note,Promissory Note
This Participation agreement is made and entered as ...,Participation Agreement
Credit agreement between Bank Thetaeta and Bank Theta,Credit Agreement
UCC Filling,UCC Filling
This Participation agreement is made and entered as ...,Participation Agreement
Document without a label,
The assignor and the companies have decided to make certain representations,Assumption Agreement
Promissory Note,Promissory Note
Assumption Agreement,Assumption Agreement
Participant desires to participate in the program,Participation Agreement
Assumption Agreement,Assumption Agreement
Hereby Promises to pay Company C,Promissory Note
This document is a Credit Agreement between Bank X and Bank 1,Credit Agreement
Participant desires to participate in the program,Participation Agreement
Participant desires to participate in the program,Participation Agreement
Assignor Assumption agreement,Assumption Agreement
UCC Filling,UCC Filling
No specific type for this document,
This document is a Credit Agreement between Bank B and Bank 3,Credit Agreement
Assumption Agreement,Assumption Agreement
This is an unlabeled document example,
This Participation agreement is made and entered as ...,Participation Agreement
Document without a label,
This Assignment and Assumption Agreement,Assumption Agreement
UCC Filling,UCC Filling
Hereby Promises to pay Company D,Promissory Note
Document without a label,
UCC Filling,UCC Filling
Credit agreement between Bank 2eta and Bank 2,Credit Agreement
Hereby Promises to pay Company C,Promissory Note
This document is a Credit Agreement between Bank Y and Bank Gamma,Credit Agreement
Hereby Promises to pay Company B,Promissory Note
This Participation agreement is made and entered as ...,Participation Agreement
UCC Filling,UCC Filling
Another example of an unlabeled document,
This document is a Credit Agreement between Bank X and Bank 2,Credit Agreement
Another example of an unlabeled document,
Credit agreement between Bank Y and Bank 4,Credit Agreement
UCC Filling,UCC Filling
Credit agreement between Bank A and Bank 3,Credit Agreement
Hereby Promises to pay Company C,Promissory Note
This Participation agreement is made and entered as ...,Participation Agreement
Assumption Agreement,Assumption Agreement
Credit agreement between Bank Delta and Bank Delta,Credit Agreement
Credit agreement between Bank Y and Bank 1,Credit Agreement
Hereby Promises to pay Company B,Promissory Note
Assignee Assumption agreement,Assumption Agreement
Hereby Promises to pay Company B,Promissory Note
The assignor and the companies have decided to make certain representations,Assumption Agreement
Assignee Assumption agreement,Assumption Agreement
UCC Filling,UCC Filling
This Participation agreement is made and entered as ...,Participation Agreement
Hereby Promises to pay Company A,Promissory Note
Promissory Note,Promissory Note
UCC Filling,UCC Filling
Just some random text,
Participant desires to participate in the program,Participation Agreement
Document without a label,
Assignee Assumption agreement,Assumption Agreement
UCC Filling,UCC Filling
Participant desires to participate in the program,Participation Agreement
Participant desires to participate in the program,Participation Agreement
Promissory Note,Promissory Note
Hereby Promises to pay Company D,Promissory Note
Participant desires to participate in the program,Participation Agreement
UCC Filling,UCC Filling
Hereby Promises to pay Company A,Promissory Note
Document without a label,
Assumption Agreement,Assumption Agreement
This document is a Credit Agreement between Bank X and Bank 4,Credit Agreement
Assumption Agreement,Assumption Agreement
UCC Filling,UCC Filling
UCC Filling,UCC Filling
UCC Filling,UCC Filling
Credit agreement between Bank 3 and Bank 3,Credit Agreement
UCC Filling,UCC Filling
Hereby Promises to pay Company B,Promissory Note
UCC Filling,UCC Filling
Another example of an unlabeled document,
UCC Filling,UCC Filling
Document without a label,
Credit agreement between Bank C and Bank Delta,Credit Agreement
Promissory Note,Promissory Note
Another example of an unlabeled document,
This document is a Credit Agreement between Bank X and Bank Delta,Credit Agreement
This is an unlabeled document example,
Assignee Assumption agreement,Assumption Agreement
Assumption Agreement,Assumption Agreement
No specific type for this document,
This document is a Credit Agreement between Bank D and Bank 3,Credit Agreement
No specific type for this document,
Just some random text,
Assumption Agreement,Assumption Agreement
No specific type for this document,
Promissory Note,Promissory Note
UCC Filling,UCC Filling
This Assignment and Assumption Agreement,Assumption Agreement
This Participation agreement is made and entered as ...,Participation Agreement
This document is a Credit Agreement between Bank A and Bank 1,Credit Agreement
This Participation agreement is made and entered as ...,Participation Agreement
Participant desires to participate in the program,Participation Agreement
This Participation agreement is made and entered as ...,Participation Agreement
UCC Filling,UCC Filling
This Participation agreement is made and entered as ...,Participation Agreement
Another example of an unlabeled document,
This is an unlabeled document example,
No specific type for this document,
Participant desires to participate in the program,Participation Agreement
Another example of an unlabeled document,
Just some random text,
Another example of an unlabeled document,
Assumption Agreement,Assumption Agreement
This is an unlabeled document example,
Promissory Note,Promissory Note
UCC Filling,UCC Filling
Just some random text,
UCC Filling,UCC Filling
Promissory Note,Promissory Note
Credit agreement between Bank C and Bank 1,Credit Agreement
This Assignment and Assumption Agreement,Assumption Agreement
Assignee Assumption agreement,Assumption Agreement
This Participation agreement is made and entered as ...,Participation Agreement
The assignor and the companies have decided to make certain representations,Assumption Agreement
UCC Filling,UCC Filling
Participant desires to participate in the program,Participation Agreement
Assumption Agreement,Assumption Agreement
Assignee Assumption agreement,Assumption Agreement
Assumption Agreement,Assumption Agreement
Another example of an unlabeled document,
Just some random text,
Promissory Note,Promissory Note
UCC Filling,UCC Filling
UCC Filling,UCC Filling
The assignor and the companies have decided to make certain representations,Assumption Agreement
Participant desires to participate in the program,Participation Agreement
UCC Filling,UCC Filling
UCC Filling,UCC Filling
Promissory Note,Promissory Note
UCC Filling,UCC Filling
Assignor Assumption agreement,Assumption Agreement
Promissory Note,Promissory Note
This Assignment and Assumption Agreement,Assumption Agreement
Promissory Note,Promissory Note
Hereby Promises to pay Company D,Promissory Note
This Participation agreement is made and entered as ...,Participation Agreement
This Participation agreement is made and entered as ...,Participation Agreement
This document is a Credit Agreement between Bank D and Bank Delta,Credit Agreement
Promissory Note,Promissory Note
This document is a Credit Agreement between Bank D and Bank Gamma,Credit Agreement
Hereby Promises to pay Company A,Promissory Note
This Assignment and Assumption Agreement,Assumption Agreement
Participant desires to participate in the program,Participation Agreement
UCC Filling,UCC Filling
Assumption Agreement,Assumption Agreement
The assignor and the companies have decided to make certain representations,Assumption Agreement
This is an unlabeled document example,
This Assignment and Assumption Agreement,Assumption Agreement
Another example of an unlabeled document,
Hereby Promises to pay Company A,Promissory Note
Hereby Promises to pay Company D,Promissory Note
The assignor and the companies have decided to make certain representations,Assumption Agreement
Assumption Agreement,Assumption Agreement
UCC Filling,UCC Filling
Document without a label,
Hereby Promises to pay Company D,Promissory Note
Credit agreement between Bank C and Bank 1,Credit Agreement
This is an unlabeled document example,
Credit agreement between Bank A and Bank 3,Credit Agreement
Document without a label,
The assignor and the companies have decided to make certain representations,Assumption Agreement
UCC Filling,UCC Filling
Participant desires to participate in the program,Participation Agreement
This document is a Credit Agreement between Bank Alpha and Bank Theta,Credit Agreement
The assignor and the companies have decided to make certain representations,Assumption Agreement
Another example of an unlabeled document,
This document is a Credit Agreement between Bank B and Bank 2,Credit Agreement
Promissory Note,Promissory Note
Promissory Note,Promissory Note
Assignee Assumption agreement,Assumption Agreement
UCC Filling,UCC Filling
This is an unlabeled document example,
Another example of an unlabeled document,
This Participation agreement is made and entered as ...,Participation Agreement
Just some random text,
Participant desires to participate in the program,Participation Agreement
Participant desires to participate in the program,Participation Agreement
Assignee Assumption agreement,Assumption Agreement
UCC Filling,UCC Filling
Assignor Assumption agreement,Assumption Agreement
Participant desires to participate in the program,Participation Agreement
This Assignment and Assumption Agreement,Assumption Agreement
Credit agreement between Bank Theta and Bank Theta,Credit Agreement
This Assignment and Assumption Agreement,Assumption Agreement
This document is a Credit Agreement between Bank C and Bank Delta,Credit Agreement
The assignor and the companies have decided to make certain representations,Assumption Agreement
Promissory Note,Promissory Note
This Participation agreement is made and entered as ...,Participation Agreement
Hereby Promises to pay Company D,Promissory Note
Hereby Promises to pay Company B,Promissory Note
Just some random text,
This Participation agreement is made and entered as ...,Participation Agreement
Participant desires to participate in the program,Participation Agreement
UCC Filling,UCC Filling
Credit agreement between Bank X and Bank 4,Credit Agreement
Participant desires to participate in the program,Participation Agreement
Assignor Assumption agreement,Assumption Agreement
This document is a Credit Agreement between Bank Alpha and Bank Delta,Credit Agreement
No specific type for this document,
No specific type for this document,
This document is a Credit Agreement between Bank C and Bank Delta,Credit Agreement
This Participation agreement is made and entered as ...,Participation Agreement
This Participation agreement is made and entered as ...,Participation Agreement
Promissory Note,Promissory Note
This is an unlabeled document example,
This Assignment and Assumption Agreement,Assumption Agreement
The assignor and the companies have decided to make certain representations,Assumption Agreement
UCC Filling,UCC Filling
Hereby Promises to pay Company A,Promissory Note
Assumption Agreement,Assumption Agreement
This document is a Credit Agreement between Bank C and Bank 2,Credit Agreement
This Participation agreement is made and entered as ...,Participation Agreement
This Participation agreement is made and entered as ...,Participation Agreement
Participant desires to participate in the program,Participation Agreement
Assumption Agreement,Assumption Agreement
Participant desires to participate in the program,Participation Agreement
UCC Filling,UCC Filling
This Participation agreement is made and entered as ...,Participation Agreement
Promissory Note,Promissory Note
No specific type for this document,
Assumption Agreement,Assumption Agreement
Assumption Agreement,Assumption Agreement
This document is a Credit Agreement between Bank Y and Bank 4,Credit Agreement
Hereby Promises to pay Company B,Promissory Note
Hereby Promises to pay Company D,Promissory Note
Document without a label,
This is an unlabeled document example,
Credit agreement between Bank Y and Bank Theta,Credit Agreement
This document is a Credit Agreement between Bank Alpha and Bank 2,Credit Agreement
Participant desires to participate in the program,Participation Agreement
Participant desires to participate in the program,Participation Agreement
Hereby Promises to pay Company C,Promissory Note
This document is a Credit Agreement between Bank D and Bank Gamma,Credit Agreement
Hereby Promises to pay Company C,Promissory Note
Promissory Note,Promissory Note
UCC Filling,UCC Filling
The assignor and the companies have decided to make certain representations,Assumption Agreement
No specific type for this document,
Another example of an unlabeled document,
Hereby Promises to pay Company B,Promissory Note
Assignor Assumption agreement,Assumption Agreement
The assignor and the companies have decided to make certain representations,Assumption Agreement
Credit agreement between Bank Alpha and Bank 3,Credit Agreement
Document without a label,
This Participation agreement is made and entered as ...,Participation Agreement
Credit agreement between Bank D and Bank Delta,Credit Agreement
No specific type for this document,
Credit agreement between Bank Alpha and Bank 1,Credit Agreement
UCC Filling,UCC Filling
This document is a Credit Agreement between Bank Y and Bank Theta,Credit Agreement
Promissory Note,Promissory Note
This document is a Credit Agreement between Bank Alpha and Bank 3,Credit Agreement
Participant desires to participate in the program,Participation Agreement
This document is a Credit Agreement between Bank Beta and Bank 3,Credit Agreement
Participant desires to participate in the program,Participation Agreement
UCC Filling,UCC Filling
The assignor and the companies have decided to make certain representations,Assumption Agreement
The assignor and the companies have decided to make certain representations,Assumption Agreement
Just some random text,
The assignor and the companies have decided to make certain representations,Assumption Agreement
Hereby Promises to pay Company B,Promissory Note
Participant desires to participate in the program,Participation Agreement
This Participation agreement is made and entered as ...,Participation Agreement
Another example of an unlabeled document,
Promissory Note,Promissory Note
No specific type for this document,
Assumption Agreement,Assumption Agreement
Assumption Agreement,Assumption Agreement
Participant desires to participate in the program,Participation Agreement
Assignor Assumption agreement,Assumption Agreement
UCC Filling,UCC Filling
UCC Filling,UCC Filling
This Assignment and Assumption Agreement,Assumption Agreement
No specific type for this document,
Promissory Note,Promissory Note
This document is a Credit Agreement between Bank D and Bank Delta,Credit Agreement
Participant desires to participate in the program,Participation Agreement
Assumption Agreement,Assumption Agreement
Credit agreement between Bank 2eta and Bank 2,Credit Agreement
This Assignment and Assumption Agreement,Assumption Agreement
Promissory Note,Promissory Note
This is an unlabeled document example,
Hereby Promises to pay Company C,Promissory Note
This Participation agreement is made and entered as ...,Participation Agreement
This Assignment and Assumption Agreement,Assumption Agreement
Assumption Agreement,Assumption Agreement
Assignee Assumption agreement,Assumption Agreement
This document is a Credit Agreement between Bank C and Bank Theta,Credit Agreement
Document without a label,
This document is a Credit Agreement between Bank Beta and Bank 4,Credit Agreement
This document is a Credit Agreement between Bank Beta and Bank 1,Credit Agreement
This Participation agreement is made and entered as ...,Participation Agreement
UCC Filling,UCC Filling
No specific type for this document,
Promissory Note,Promissory Note
Promissory Note,Promissory Note
Credit agreement between Bank Alpha and Bank 3,Credit Agreement
Assumption Agreement,Assumption Agreement
Participant desires to participate in the program,Participation Agreement
This Participation agreement is made and entered as ...,Participation Agreement
Participant desires to participate in the program,Participation Agreement
Participant desires to participate in the program,Participation Agreement
No specific type for this document,
This document is a Credit Agreement between Bank Beta and Bank 2,Credit Agreement
Promissory Note,Promissory Note
This Participation agreement is made and entered as ...,Participation Agreement
This is an unlabeled document example,
Participant desires to participate in the program,Participation Agreement
This document is a Credit Agreement between Bank A and Bank 1,Credit Agreement
UCC Filling,UCC Filling
Promissory Note,Promissory Note
Promissory Note,Promissory Note
This document is a Credit Agreement between Bank A and Bank 3,Credit Agreement
Hereby Promises to pay Company D,Promissory Note
UCC Filling,UCC Filling
Promissory Note,Promissory Note
This Participation agreement is made and entered as ...,Participation Agreement
Participant desires to participate in the program,Participation Agreement
Credit agreement between Bank D and Bank Theta,Credit Agreement
This Assignment and Assumption Agreement,Assumption Agreement
Hereby Promises to pay Company C,Promissory Note
This document is a Credit Agreement between Bank Beta and Bank 1,Credit Agreement
Just some random text,
This document is a Credit Agreement between Bank A and Bank 3,Credit Agreement
This Participation agreement is made and entered as ...,Participation Agreement
Participant desires to participate in the program,Participation Agreement
This document is a Credit Agreement between Bank Alpha and Bank Delta,Credit Agreement
UCC Filling,UCC Filling
UCC Filling,UCC Filling
Promissory Note,Promissory Note
UCC Filling,UCC Filling
Promissory Note,Promissory Note
This Participation agreement is made and entered as ...,Participation Agreement
Document without a label,
Another example of an unlabeled document,
This Participation agreement is made and entered as ...,Participation Agreement
This Assignment and Assumption Agreement,Assumption Agreement
UCC Filling,UCC Filling
UCC Filling,UCC Filling
Another example of an unlabeled document,
Promissory Note,Promissory Note
This is an unlabeled document example,
Credit agreement between Bank C and Bank 4,Credit Agreement
This document is a Credit Agreement between Bank D and Bank 1,Credit Agreement
This document is a Credit Agreement between Bank X and Bank 2,Credit Agreement
Another example of an unlabeled document,
This document is a Credit Agreement between Bank Beta and Bank 2,Credit Agreement
Promissory Note,Promissory Note
This document is a Credit Agreement between Bank Y and Bank Gamma,Credit Agreement
Participant desires to participate in the program,Participation Agreement
Assumption Agreement,Assumption Agreement
UCC Filling,UCC Filling
This Participation agreement is made and entered as ...,Participation Agreement
Another example of an unlabeled document,
Participant desires to participate in the program,Participation Agreement
Just some random text,
Assumption Agreement,Assumption Agreement
Participant desires to participate in the program,Participation Agreement
This document is a Credit Agreement between Bank A and Bank 1,Credit Agreement
Promissory Note,Promissory Note
No specific type for this document,
Assignor Assumption agreement,Assumption Agreement
This Participation agreement is made and entered as ...,Participation Agreement
Credit agreement between Bank 1 and Bank 1,Credit Agreement
Hereby Promises to pay Company B,Promissory Note
Document without a label,
This is an unlabeled document example,
This Participation agreement is made and entered as ...,Participation Agreement
UCC Filling,UCC Filling
Credit agreement between Bank X and Bank Theta,Credit Agreement
Credit agreement between Bank A and Bank 3,Credit Agreement
Participant desires to participate in the program,Participation Agreement
Hereby Promises to pay Company D,Promissory Note
No specific type for this document,
Hereby Promises to pay Company A,Promissory Note
Hereby Promises to pay Company A,Promissory Note
Document without a label,
Hereby Promises to pay Company C,Promissory Note
This Participation agreement is made and entered as ...,Participation Agreement
Credit agreement between Bank 1 and Bank 1,Credit Agreement
Credit agreement between Bank D and Bank 4,Credit Agreement
UCC Filling,UCC Filling
Another example of an unlabeled document,
Assignor Assumption agreement,Assumption Agreement
Just some random text,
UCC Filling,UCC Filling
Assignor Assumption agreement,Assumption Agreement
This is an unlabeled document example,
Promissory Note,Promissory Note
Hereby Promises to pay Company A,Promissory Note
The assignor and the companies have decided to make certain representations,Assumption Agreement
This Assignment and Assumption Agreement,Assumption Agreement
This Participation agreement is made and entered as ...,Participation Agreement
Credit agreement between Bank 4 and Bank 4,Credit Agreement
UCC Filling,UCC Filling
The assignor and the companies have decided to make certain representations,Assumption Agreement
This Participation agreement is made and entered as ...,Participation Agreement
Participant desires to participate in the program,Participation Agreement
This Participation agreement is made and entered as ...,Participation Agreement
Assumption Agreement,Assumption Agreement
This document is a Credit Agreement between Bank Beta and Bank Theta,Credit Agreement
Another example of an unlabeled document,
Promissory Note,Promissory Note
Document without a label,
This is an unlabeled document example,
Promissory Note,Promissory Note
This Participation agreement is made and entered as ...,Participation Agreement
This document is a Credit Agreement between Bank Beta and Bank 2,Credit Agreement
Assignee Assumption agreement,Assumption Agreement
UCC Filling,UCC Filling
UCC Filling,UCC Filling
Document without a label,
Hereby Promises to pay Company D,Promissory Note
Just some random text,
Participant desires to participate in the program,Participation Agreement
No specific type for this document,
Document without a label,
This Participation agreement is made and entered as ...,Participation Agreement
The assignor and the companies have decided to make certain representations,Assumption Agreement
Credit agreement between Bank Y and Bank 1,Credit Agreement
Just some random text,
Participant desires to participate in the program,Participation Agreement
Participant desires to participate in the program,Participation Agreement
Participant desires to participate in the program,Participation Agreement
Just some random text,
Assignee Assumption agreement,Assumption Agreement
Promissory Note,Promissory Note
UCC Filling,UCC Filling
Hereby Promises to pay Company A,Promissory Note
Document without a label,
Just some random text,
Credit agreement between Bank Alpha and Bank 1,Credit Agreement
Credit agreement between Bank X and Bank 3,Credit Agreement
Participant desires to participate in the program,Participation Agreement
Credit agreement between Bank A and Bank Gamma,Credit Agreement
Assumption Agreement,Assumption Agreement
Credit agreement between Bank Y and Bank 3,Credit Agreement
Participant desires to participate in the program,Participation Agreement
Assumption Agreement,Assumption Agreement
Credit agreement between Bank 2 and Bank 2,Credit Agreement
This Participation agreement is made and entered as ...,Participation Agreement
Just some random text,
Credit agreement between Bank C and Bank 3,Credit Agreement
Participant desires to participate in the program,Participation Agreement
This document is a Credit Agreement between Bank Beta and Bank Gamma,Credit Agreement
Document without a label,
UCC Filling,UCC Filling
This document is a Credit Agreement between Bank C and Bank 3,Credit Agreement
Hereby Promises to pay Company B,Promissory Note
No specific type for this document,
Promissory Note,Promissory Note
Assumption Agreement,Assumption Agreement
Assignor Assumption agreement,Assumption Agreement
Another example of an unlabeled document,
UCC Filling,UCC Filling
This Assignment and Assumption Agreement,Assumption Agreement
Another example of an unlabeled document,
This document is a Credit Agreement between Bank X and Bank 1,Credit Agreement
Credit agreement between Bank D and Bank 1,Credit Agreement
The assignor and the companies have decided to make certain representations,Assumption Agreement
Participant desires to participate in the program,Participation Agreement
Credit agreement between Bank X and Bank 3,Credit Agreement
UCC Filling,UCC Filling
UCC Filling,UCC Filling
Hereby Promises to pay Company A,Promissory Note
UCC Filling,UCC Filling
Just some random text,
Credit agreement between Bank Theta and Bank Theta,Credit Agreement
Promissory Note,Promissory Note
Hereby Promises to pay Company D,Promissory Note
Participant desires to participate in the program,Participation Agreement
This is an unlabeled document example,
Assignor Assumption agreement,Assumption Agreement
Credit agreement between Bank Alpha and Bank Theta,Credit Agreement
This is an unlabeled document example,
Hereby Promises to pay Company C,Promissory Note
Promissory Note,Promissory Note
Just some random text,
The assignor and the companies have decided to make certain representations,Assumption Agreement
This Participation agreement is made and entered as ...,Participation Agreement
This document is a Credit Agreement between Bank Alpha and Bank 4,Credit Agreement
Participant desires to participate in the program,Participation Agreement
UCC Filling,UCC Filling
UCC Filling,UCC Filling
Credit agreement between Bank Gamma and Bank Gamma,Credit Agreement
UCC Filling,UCC Filling
Hereby Promises to pay Company A,Promissory Note
This document is a Credit Agreement between Bank Y and Bank Theta,Credit Agreement
Hereby Promises to pay Company D,Promissory Note
UCC Filling,UCC Filling
Credit agreement between Bank 1 and Bank 1,Credit Agreement
This Participation agreement is made and entered as ...,Participation Agreement
This document is a Credit Agreement between Bank C and Bank 1,Credit Agreement
This document is a Credit Agreement between Bank X and Bank Gamma,Credit Agreement
This document is a Credit Agreement between Bank C and Bank 2,Credit Agreement
Participant desires to participate in the program,Participation Agreement
UCC Filling,UCC Filling
UCC Filling,UCC Filling
Hereby Promises to pay Company B,Promissory Note
UCC Filling,UCC Filling
This Participation agreement is made and entered as ...,Participation Agreement
Credit agreement between Bank Y and Bank Delta,Credit Agreement
Promissory Note,Promissory Note
This Participation agreement is made and entered as ...,Participation Agreement
Hereby Promises to pay Company A,Promissory Note
Hereby Promises to pay Company D,Promissory Note
This Assignment and Assumption Agreement,Assumption Agreement
This document is a Credit Agreement between Bank A and Bank 3,Credit Agreement
UCC Filling,UCC Filling
Promissory Note,Promissory Note
Participant desires to participate in the program,Participation Agreement
This document is a Credit Agreement between Bank Alpha and Bank Gamma,Credit Agreement
This Participation agreement is made and entered as ...,Participation Agreement
UCC Filling,UCC Filling
Assignor Assumption agreement,Assumption Agreement
This Participation agreement is made and entered as ...,Participation Agreement
UCC Filling,UCC Filling
This Assignment and Assumption Agreement,Assumption Agreement
Credit agreement between Bank Alpha and Bank Delta,Credit Agreement
Assignee Assumption agreement,Assumption Agreement
This Participation agreement is made and entered as ...,Participation Agreement
Document without a label,
Hereby Promises to pay Company B,Promissory Note
Document without a label,
Participant desires to participate in the program,Participation Agreement
This is an unlabeled document example,
Document without a label,
Promissory Note,Promissory Note
This Participation agreement is made and entered as ...,Participation Agreement
Promissory Note,Promissory Note
The assignor and the companies have decided to make certain representations,Assumption Agreement
Document without a label,
Just some random text,
Promissory Note,Promissory Note
Promissory Note,Promissory Note
Participant desires to participate in the program,Participation Agreement
Hereby Promises to pay Company D,Promissory Note
Promissory Note,Promissory Note
This document is a Credit Agreement between Bank D and Bank Delta,Credit Agreement
This document is a Credit Agreement between Bank X and Bank 1,Credit Agreement
The assignor and the companies have decided to make certain representations,Assumption Agreement
Assumption Agreement,Assumption Agreement
This document is a Credit Agreement between Bank C and Bank 1,Credit Agreement
Hereby Promises to pay Company C,Promissory Note
Just some random text,
Participant desires to participate in the program,Participation Agreement
Hereby Promises to pay Company B,Promissory Note
This document is a Credit Agreement between Bank D and Bank Gamma,Credit Agreement
This Assignment and Assumption Agreement,Assumption Agreement
Hereby Promises to pay Company C,Promissory Note
UCC Filling,UCC Filling
No specific type for this document,
Credit agreement between Bank A and Bank Theta,Credit Agreement
Participant desires to participate in the program,Participation Agreement
UCC Filling,UCC Filling
Promissory Note,Promissory Note
No specific type for this document,
The assignor and the companies have decided to make certain representations,Assumption Agreement
Assignee Assumption agreement,Assumption Agreement
Promissory Note,Promissory Note
Promissory Note,Promissory Note
This Participation agreement is made and entered as ...,Participation Agreement
UCC Filling,UCC Filling
Just some random text,
Assignee Assumption agreement,Assumption Agreement
The assignor and the companies have decided to make certain representations,Assumption Agreement
This is an unlabeled document example,
UCC Filling,UCC Filling
This document is a Credit Agreement between Bank D and Bank Delta,Credit Agreement
This Participation agreement is made and entered as ...,Participation Agreement
No specific type for this document,
This document is a Credit Agreement between Bank C and Bank 4,Credit Agreement
Credit agreement between Bank Y and Bank Gamma,Credit Agreement
This Assignment and Assumption Agreement,Assumption Agreement
This document is a Credit Agreement between Bank C and Bank Theta,Credit Agreement
Assumption Agreement,Assumption Agreement
Promissory Note,Promissory Note
This Participation agreement is made and entered as ...,Participation Agreement
Document without a label,
Promissory Note,Promissory Note
This Participation agreement is made and entered as ...,Participation Agreement
This Participation agreement is made and entered as ...,Participation Agreement
Document without a label,
UCC Filling,UCC Filling
Credit agreement between Bank 2 and Bank 2,Credit Agreement
Assignee Assumption agreement,Assumption Agreement
This Participation agreement is made and entered as ...,Participation Agreement
Participant desires to participate in the program,Participation Agreement
Hereby Promises to pay Company B,Promissory Note
Another example of an unlabeled document,
This document is a Credit Agreement between Bank Beta and Bank 3,Credit Agreement
Promissory Note,Promissory Note
Assignee Assumption agreement,Assumption Agreement
UCC Filling,UCC Filling
Promissory Note,Promissory Note
Assignee Assumption agreement,Assumption Agreement
This Participation agreement is made and entered as ...,Participation Agreement
Assignee Assumption agreement,Assumption Agreement
UCC Filling,UCC Filling
Hereby Promises to pay Company B,Promissory Note
Hereby Promises to pay Company D,Promissory Note
This is an unlabeled document example,
Participant desires to participate in the program,Participation Agreement
This Assignment and Assumption Agreement,Assumption Agreement
Credit agreement between Bank Alpha and Bank 2,Credit Agreement
Just some random text,
Credit agreement between Bank Deltaeta and Bank Delta,Credit Agreement
This is an unlabeled document example,
UCC Filling,UCC Filling
The assignor and the companies have decided to make certain representations,Assumption Agreement
UCC Filling,UCC Filling
The assignor and the companies have decided to make certain representations,Assumption Agreement
Assumption Agreement,Assumption Agreement
Promissory Note,Promissory Note
UCC Filling,UCC Filling
This document is a Credit Agreement between Bank Alpha and Bank Theta,Credit Agreement
UCC Filling,UCC Filling
Assignor Assumption agreement,Assumption Agreement
This document is a Credit Agreement between Bank X and Bank Delta,Credit Agreement
The assignor and the companies have decided to make certain representations,Assumption Agreement
Just some random text,
This is an unlabeled document example,
This document is a Credit Agreement between Bank Y and Bank Delta,Credit Agreement
Promissory Note,Promissory Note
Promissory Note,Promissory Note
Just some random text,
